episode_cnt,recent_win_rate,avg_reward,avg_q_value,epsilon
100,0.52,38.341198804305776,-0.09100783562737734,0.09992091128959735
200,0.04,41.89569809524665,-0.09056715459791086,0.09971523621613887
300,0.6,46.62159705056027,-0.08926496611148282,0.09962939343810398
400,0.02,37.41579167431252,-0.08944331136459788,0.09937420131172893
500,0.7,32.55980634914605,-0.0915802909759084,0.09929350745749287
600,0.0,20.78830203733646,-0.09012920524362933,0.09904746560032565
700,0.7,18.844680557444327,-0.0909487222108997,0.09895825412705685
800,0.06,49.22152113552183,-0.08478390782531309,0.0987258715962608
900,0.6,50.91348463134183,-0.08517791800480654,0.09864343537365652
1000,0.08,46.13669346344121,-0.08649666368686136,0.09840740305995588
1100,0.66,40.16543593262038,-0.08821503769975753,0.09830845990459339
1200,0.02,32.52380693410742,-0.08920721138173601,0.09801305023564509
1300,0.7,30.229898013999563,-0.09303605126699467,0.09792279728995269
1400,0.04,32.91392849730397,-0.09461261018280193,0.0976970520782164
1500,0.64,29.94126555024535,-0.09537634376227433,0.09760743173720317
1600,0.04,27.11822321440735,-0.09666206966483566,0.0973999926624342
1700,0.52,28.38561664228515,-0.09815793089818978,0.09730551668665799
1800,0.02,23.668000271888154,-0.09904639887903871,0.09711288699039954
1900,0.68,22.38152871045609,-0.10080906824923125,0.09701960148117016
2000,0.02,26.610242860646853,-0.09969544596709248,0.09675862596001684
2100,0.58,25.100044886648124,-0.10196164826827077,0.09665843592835642
2200,0.08,34.39678467395615,-0.1024809249457559,0.0964114465828242
2300,0.76,38.34512220367986,-0.10123792953548565,0.0963264347251644
2400,0.02,31.884123434261035,-0.10293614941962677,0.09606619498664418
2500,0.66,34.31278327966304,-0.10332416531782015,0.09597314233064906
2600,0.06,34.52866175005097,-0.10244453988319488,0.0957513555247874
2700,0.56,40.28064530469109,-0.10248635862143221,0.09566040623070694
2800,0.02,38.85998344246282,-0.10338507026112759,0.0954667371576417
2900,0.68,39.49737597032722,-0.10519439532498363,0.09537023567715983
3000,0.0,26.700731833299113,-0.10567764033486973,0.09514622651841115
3100,0.58,22.77896662065899,-0.11005925570308348,0.09504428441170683
3200,0.06,22.953764986866155,-0.11065407870770902,0.09481984612180139
3300,0.74,22.696204041096216,-0.1124094431375106,0.09472547151353489
3400,0.12,32.56876065963068,-0.11080411054635335,0.09449450026379044
3500,0.62,32.57884007663646,-0.11356547439332443,0.09441289699384814
3600,0.04,20.679079859497485,-0.11912309772054556,0.09420923703410905
3700,0.58,12.08351960718302,-0.12357781239237174,0.09412476923579968
3800,0.02,9.276293327050881,-0.12231592419202071,0.0939123625766135
3900,0.5,17.105399331331007,-0.12229404111332907,0.09381211771110368
4000,0.04,20.67217856045544,-0.12254311048447852,0.09363317779565888
4100,0.64,21.1822239847433,-0.12557808755387148,0.09353909565792425
4200,0.02,12.872585414989532,-0.1275962284378473,0.09337556405967858
4300,0.58,13.727592339657393,-0.1275142696506465,0.09327615802564429
4400,0.04,21.415266379553785,-0.12721850934777645,0.09307040820155348
4500,0.62,29.13064124292027,-0.12892936334722882,0.09296917941834033
4600,0.06,42.972109991103295,-0.1266625430718131,0.09276340636547722
4700,0.68,40.4034777069611,-0.12597893432351595,0.09266604200433158
4800,0.02,38.270419799299006,-0.1258918972557798,0.09246315436583549
4900,0.58,41.704292667540635,-0.12615613786616492,0.092370427983817
5000,0.02,31.321145333207667,-0.12766373957260574,0.09214748431906261
5100,0.6,30.107079427445466,-0.12907379100228267,0.0920559812527253
5200,0.02,18.57900387719308,-0.1324165119300924,0.09184931775467134
5300,0.6,25.644555539473206,-0.13341245421324205,0.09174041692378988
5400,0.02,27.090287721058186,-0.13341461605301053,0.09151722754323148
5500,0.5,23.084868749921764,-0.13522024676522004,0.09141797148481925
5600,0.0,16.089112182865925,-0.13582643768096994,0.09122707551245142
5700,0.54,16.333259812808123,-0.13806418156926956,0.09113414879723968
5800,0.02,17.56520120381263,-0.1374121414357514,0.0909203350015785
5900,0.7,20.62224703375483,-0.1376569521122579,0.09081671762959781
6000,0.04,26.37178666698477,-0.13896436576338697,0.09063431403679059
6100,0.6,26.118753678336212,-0.13969805287777434,0.09053932923123888
6200,0.1,31.109978220379606,-0.13799001480675535,0.09034120181572548
6300,0.6,31.75076556585325,-0.13842815100048164,0.09025693924202001
6400,0.02,35.83263375013615,-0.13847999648408257,0.090063306923154
6500,0.58,36.36855829213615,-0.1386124851549205,0.08997487217443126
6600,0.02,22.563241581619366,-0.13957452506846965,0.08976827997461805
6700,0.54,22.419173853151502,-0.1403203477335847,0.08966652698976206
6800,0.04,33.222020281851975,-0.13771753886061502,0.08947537816606588
6900,0.64,35.895612096334375,-0.14013933221094368,0.08937810423542754
7000,0.02,26.781694540629978,-0.1419491160346143,0.08915524117041476
7100,0.7,33.01495326202652,-0.14172017163693237,0.08907125193960519
7200,0.02,28.97108789273606,-0.14130979175000824,0.08886730330014575
7300,0.72,28.854575758613866,-0.14546694722761488,0.08876203572273679
7400,0.06,28.091294233837594,-0.1428918275979229,0.08854211662452616
7500,0.56,31.128575826465653,-0.1439221666845861,0.08846422498693503
7600,0.08,21.6357751928426,-0.14590098278457042,0.08829196287528027
7700,0.7,28.955169901302725,-0.14541377986412576,0.08819972391351061
7800,0.0,22.332505884176587,-0.14704550136320405,0.08796702978209732
7900,0.64,30.862288953197407,-0.14482056913143532,0.08787831141658692
8000,0.02,33.12661680066018,-0.14600169204101673,0.0876864017002049
8100,0.58,36.65963753023445,-0.14813189177277916,0.08760032277669985
8200,0.06,31.001926209957986,-0.14803174171682215,0.08743345874321383
8300,0.58,29.43694155543163,-0.14987589904700352,0.0873440949854938
8400,0.0,29.804955481672405,-0.15151367580911035,0.08712268367156992
8500,0.7,38.71453318665889,-0.15163881593877906,0.08703484732601167
8600,0.04,34.70787160871253,-0.1515710829545705,0.08683835764252401
8700,0.64,36.8032914203634,-0.15369916802154598,0.08674641847209998
8800,0.0,26.25340394377313,-0.1578926681302615,0.08656278876559097
8900,0.6,29.84909712942747,-0.15937363784521627,0.08647497210724059
9000,0.0,23.01770840047948,-0.15857471206028312,0.08631748909767371
9100,0.64,27.36849352118306,-0.16070189957951048,0.08622692485440059
9200,0.08,33.74751947595205,-0.15895146004461008,0.08605524572385378
9300,0.58,31.502602399829854,-0.15985259128112783,0.08596319006437501
9400,0.04,38.685406025406394,-0.15943997660885936,0.08579225909343155
9500,0.56,35.491500429176334,-0.16253483680730887,0.08570931236274253
9600,0.04,34.079328187157614,-0.16128990934432755,0.0855207068487812
9700,0.56,36.536865518247794,-0.16069200000443767,0.0854275144327974
9800,0.04,27.95789936422547,-0.16283719301380412,0.08524241869141028
9900,0.62,28.944485734283266,-0.1658960765554523,0.08514905269162154
10000,0.04,13.984978053170765,-0.16585568335481016,0.08495193549717531
10100,0.62,17.469606303600827,-0.16558942318464273,0.08486464129133298
10200,0.04,18.371902852806606,-0.16569078878615187,0.08469219780209732
10300,0.6,24.064117111145023,-0.16612463912657904,0.08460915126238339
10400,0.04,22.940227788961245,-0.1678773055773345,0.08442766494974807
10500,0.52,28.119806725509225,-0.16898162362064342,0.08434146612134391
10600,0.06,22.097560863907223,-0.1701828224526161,0.08414482585423144
10700,0.52,28.13179357236735,-0.17169403532011998,0.08406017669168066
10800,0.0,15.532349472532962,-0.17354647456192598,0.08386820104896711
10900,0.54,27.07528584875529,-0.17395456705907528,0.08378902492785993
11000,0.06,24.430257144831813,-0.17374110371461518,0.08360191122779939
11100,0.54,34.066066183449855,-0.1728263877425799,0.08351963311802194
11200,0.0,22.686025807227534,-0.17491779644905753,0.08333287517869957
11300,0.6,24.72086977857401,-0.17725517149729242,0.08324755685120529
11400,0.08,22.423436680871585,-0.17698723690111043,0.08304924384788619
11500,0.72,32.53409200792247,-0.17740114504664786,0.08295757903743045
11600,0.04,38.057064616571026,-0.1780949946886703,0.0827548341386951
11700,0.74,39.09318115042109,-0.17874216042068403,0.08266841290450995
11800,0.0,28.6949755445282,-0.17797369574346084,0.08250947053116357
11900,0.6,28.075885886825343,-0.17939139744210883,0.08243061680290151
12000,0.06,34.58330574139382,-0.1782187717117354,0.08222342449409399
12100,0.62,34.65741369680967,-0.17931673734952278,0.08214498378440109
12200,0.0,28.647575486875205,-0.18222641287989458,0.0819525712794693
12300,0.6,28.85573411211333,-0.1826118218558412,0.08187278014632479
12400,0.14,27.094656689612638,-0.1828866329233335,0.0816413179134942
12500,0.58,26.66275861867622,-0.1857543815710986,0.081544336687901
12600,0.04,27.439497777948233,-0.18632817013332734,0.08135537717223229
12700,0.62,36.4642309576442,-0.18767164486375187,0.08127232321074258
12800,0.0,34.14225126597233,-0.18632520036041852,0.08108468729244213
12900,0.78,34.267512816830944,-0.18999165629684453,0.08099783942865155
13000,0.02,34.710904146643664,-0.1903579676948123,0.08081245749309217
13100,0.54,35.92325146169653,-0.19068547984026357,0.08072606266007823
13200,0.06,38.880923899466666,-0.19304949907084598,0.08050540141047718
13300,0.64,33.68076656615025,-0.19441681809658037,0.0804192423622308
13400,0.08,32.197936223928124,-0.19605002764821736,0.08018998488586813
13500,0.62,29.360215573689622,-0.19768667367450837,0.08010619807652032
13600,0.1,36.78365079545695,-0.20100867197361463,0.0798961910559452
13700,0.6,34.38776762543696,-0.20345390136865069,0.0798181865581248
13800,0.16,33.322656395155555,-0.20554957578628114,0.0796416526242664
13900,0.72,32.771409760676214,-0.20731121740984645,0.07955706239283863
14000,0.1,41.48774176495634,-0.2110008057660244,0.07935385913027054
14100,0.5,45.35006229941773,-0.21078697631987292,0.0792761740414987
14200,0.04,40.18975294507704,-0.21079168784942093,0.07909517941436998
14300,0.74,44.606686941307096,-0.21118231746728058,0.07901945436723834
14400,0.1,34.973061906777616,-0.2098153680196982,0.0788072131329619
14500,0.7,33.32925736477761,-0.212213032538039,0.07870709311297622
14600,0.1,23.541237882198065,-0.2131969101217542,0.07852080565022841
14700,0.72,28.999779344478192,-0.2134743389702777,0.07844854481299866
14800,0.04,24.36982758763391,-0.2156220921541901,0.07826029448780364
14900,0.64,32.35904515032409,-0.21814402749141865,0.07816866232376392
15000,0.08,39.19370763838259,-0.22014691158693578,0.07798616815566776
15100,0.78,42.20261001143183,-0.22304913696627257,0.07791107245875087
15200,0.04,47.908521495634155,-0.22174948123255248,0.0777350484400146
15300,0.64,48.59708711263993,-0.22186898090974405,0.07765480512470575
15400,0.02,35.784299185774955,-0.22182769055647716,0.07751111763847468
15500,0.74,32.532005931544894,-0.22324077392660388,0.07742493059492857
15600,0.0,17.86444193103471,-0.22365990463958138,0.07725927933360274
15700,0.58,26.923743601982693,-0.22228589422865863,0.07717421737004442
15800,0.0,20.000783854752314,-0.22308573765707812,0.07701023070332272
15900,0.62,28.921677318148852,-0.22475727574682391,0.07692396983251984
16000,0.08,29.044528165201562,-0.22584694172971043,0.07673262137350836
16100,0.62,38.61398724560389,-0.22731532037164442,0.07664047865806539
16200,0.04,36.690410271523966,-0.23082486628883667,0.07644098300505794
16300,0.52,36.39980882553553,-0.23129179837575073,0.07635366087335435
16400,0.06,27.522298867470926,-0.2317141240876024,0.07614020771474324
16500,0.56,42.48881708836344,-0.22948470093816667,0.0760521150011311
16600,0.0,37.251699531377454,-0.22850885798127646,0.0758550421539943
16700,0.6,37.92267100797545,-0.22957492338223717,0.07577184827610756
16800,0.04,30.14350836618007,-0.22869823789854646,0.0755924060320978
16900,0.6,38.396963423786175,-0.22840271689458744,0.0755247961986011
17000,0.02,31.76131467483045,-0.23032566411735522,0.07534233003707624
17100,0.48,33.17697592932988,-0.23069955283666999,0.07526115476455204
17200,0.06,23.245467708435083,-0.23168545314580086,0.075097801096022
17300,0.64,32.47434297150527,-0.23057405383763716,0.07501652920345933
17400,0.04,25.505024900888607,-0.23053123931545647,0.07484172711518036
17500,0.58,24.275576244147224,-0.23182649991801754,0.07476257896240933
17600,0.04,25.24147501499378,-0.23056107760146638,0.07460304905997847
17700,0.58,36.48459542245473,-0.2293113723393927,0.07451967455176117
17800,0.08,36.10706194049252,-0.2300950193301222,0.07436922980570616
17900,0.42,40.65161374477265,-0.2301112965937135,0.07429588216016493
18000,0.04,28.834810345965227,-0.2300120497228721,0.0741144469083676
18100,0.6,38.47619635282767,-0.2297173164755614,0.07404222794108463
18200,0.04,26.544684964755287,-0.22939930715761422,0.07389029758858406
18300,0.44,31.390201245157613,-0.22991652155919948,0.07381527793130892
18400,0.02,24.933801611839364,-0.23018629466361204,0.07364039558004641
18500,0.64,27.908100653133005,-0.23112325812061146,0.07356609310928974
18600,0.02,16.993466334940745,-0.23247364868586165,0.07336440907697228
18700,0.64,20.917438577819365,-0.23321095602893294,0.07328028635451334
18800,0.1,17.169527214035085,-0.2334775171012259,0.0731059842999596
18900,0.68,20.976704881201563,-0.23532307004714198,0.07302083620910715
19000,0.06,31.227701610128978,-0.23523797451897502,0.07284326498209631
19100,0.64,27.88392378820062,-0.23832622514074017,0.07274767726025592
19200,0.06,28.835070197374836,-0.23933229627238808,0.07257808217164989
19300,0.76,27.650122022278993,-0.23919192083047275,0.07250066815584207
19400,0.02,28.88953803627969,-0.23998992340727182,0.07234684377325322
19500,0.6,25.95855321013749,-0.24121303940132688,0.07226561134836566
19600,0.0,34.33031582463195,-0.24025273807029388,0.07212670958472908
19700,0.64,29.82102701092755,-0.2421308838605239,0.07205782542660588
19800,0.0,35.38918063603325,-0.2407660747746554,0.07191241912458578
19900,0.64,28.044380397442495,-0.2420557428789391,0.07181988427807223
20000,0.02,30.180272743235253,-0.24059163229956393,0.07166748639508581
20100,0.52,28.815468897833252,-0.2414023242292312,0.07158471170081576
20200,0.06,32.91888450507257,-0.24129920732855176,0.07142856985805708
20300,0.46,38.13596258513647,-0.2399726820599023,0.07135415864393083
20400,0.08,36.03107227102201,-0.24191414284041268,0.07121747525688889
20500,0.64,30.718633993913333,-0.2428662117412697,0.07113481484800785
20600,0.02,23.765762496804648,-0.24100468288522808,0.07096710623432073
20700,0.6,26.478136293034716,-0.24157308194708604,0.07088359164345814
20800,0.02,34.77578799976767,-0.24053827739694633,0.07074049471163991
20900,0.56,25.38519423707749,-0.24182900249745526,0.07065581247122629
21000,0.04,26.498271865174285,-0.2405975063867059,0.0704768951007898
21100,0.56,28.229835524886425,-0.24133956585937916,0.07040076129879429
21200,0.06,30.840134129444692,-0.24178968176826748,0.07024084833741835
21300,0.46,27.209682084042694,-0.24467372711725408,0.07016412053772716
21400,0.06,25.903775646195857,-0.2449710397692876,0.0699718995779713
21500,0.64,24.670577525309994,-0.24590559897737924,0.06989757993512503
21600,0.0,17.03800064447888,-0.2480303196966312,0.06973303231208433
21700,0.6,16.69571954815728,-0.24885879227057583,0.06965666767063493
21800,0.02,10.561845527050883,-0.25042393066276336,0.06949313541440803
21900,0.68,19.811533799871704,-0.2501097825644533,0.06942143813466696
22000,0.06,25.854859349143766,-0.24884109787275094,0.06925058388521636
22100,0.52,26.222904774027345,-0.25048518217116983,0.0691766533636206
22200,0.04,38.95019204012797,-0.24696559512466662,0.06901745036762562
22300,0.62,39.89162515724439,-0.24768181332237746,0.068936712700842
22400,0.02,34.43102083256855,-0.24948777064603986,0.06878134613470474
22500,0.58,31.419116067058688,-0.25188098884452387,0.0686900960392426
22600,0.16,26.577583349454407,-0.25105983641520874,0.06852470082933841
22700,0.6,20.03801812297378,-0.2540103861465337,0.06845188750439013
22800,0.0,20.983344348816562,-0.2555493988893191,0.06830611036804154
22900,0.62,24.814220145046622,-0.25638219448072674,0.06822545094222845
23000,0.04,16.298490852495163,-0.2565353473037134,0.06806389702791264
23100,0.54,23.309505811531007,-0.2565255341094116,0.06798918688380788
23200,0.12,24.773216957300946,-0.2585394466973602,0.06783358159319909
23300,0.66,26.477824957300946,-0.25922264879802825,0.06775179311336976
23400,0.06,19.626021328905217,-0.2624238141538713,0.06759000560011254
23500,0.48,21.40066238313528,-0.26352496829502325,0.06751439105287607
23600,0.06,29.292820905449524,-0.2624021815999011,0.06734051933743491
23700,0.58,39.53841293967185,-0.2627796514810144,0.0672589049844114
23800,0.06,37.8838638474708,-0.26526510641797607,0.06710568238969644
23900,0.58,31.148038933356336,-0.26850639093963946,0.06703168216471986
24000,0.04,18.566294456633585,-0.2680630247465195,0.06685307999337575
24100,0.68,20.339050948375785,-0.26884751629646675,0.06678751925997913
24200,0.08,24.168136639179785,-0.2699046778609843,0.06664963535773191
24300,0.72,25.508824904761287,-0.27143053194315253,0.0665734317696991
24400,0.0,28.305672313897706,-0.2685092633401039,0.06640775723685358
24500,0.6,23.373790998805845,-0.2713159135055653,0.06633346529898722
24600,0.02,27.22855731271798,-0.2737368297872327,0.06616804717997687
24700,0.64,24.388987362967345,-0.2749036174635145,0.06610640398175974
24800,0.06,25.300909671076212,-0.2761771864737571,0.06594205325133609
24900,0.6,24.54060667487621,-0.2791540769317628,0.06587554468623863
25000,0.0,21.08038619750795,-0.2789653580947184,0.06575151583132346
25100,0.54,19.55592142745015,-0.28107164348524266,0.0656799119946953
25200,0.04,16.0632454260326,-0.2811112533385768,0.06553423810138174
25300,0.62,23.059705386199408,-0.2814737259130601,0.06546299526121907
25400,0.0,27.66474599095811,-0.27978334642834646,0.06530444308504973
25500,0.6,30.73786266947603,-0.2810442966984464,0.06523384145893209
25600,0.04,30.793722674461197,-0.28185178802218064,0.06502936095965771
25700,0.64,32.56517005775484,-0.2815755197847228,0.06496026497872934
25800,0.04,35.81793825672701,-0.28093654328881734,0.06477896101075248
25900,0.52,32.958891172893935,-0.279788290150339,0.06470808951608714
26000,0.06,39.82708634259418,-0.2775552912040438,0.06454401697603643
26100,0.6,41.659296224589994,-0.27755849254741677,0.0644762942191772
26200,0.18,55.272668909633076,-0.2795282275444507,0.06429448608988207
26300,0.48,53.06054400500301,-0.2793112267531927,0.06422328724891498
26400,0.04,48.211309871937104,-0.27995894423984874,0.06405522004748414
26500,0.54,41.46616800931578,-0.2811368157050033,0.06398297770117714
26600,0.06,21.697475987551503,-0.2834184970173738,0.06384015138809829
26700,0.62,27.32501128704747,-0.28296554353702286,0.06377680233585034
26800,0.0,17.557918873849427,-0.285192427485408,0.06365369177064632
26900,0.6,18.360169149669424,-0.2866623166816091,0.0635794734910392
27000,0.0,8.67325548983504,-0.28965580475521957,0.06345822239591677
27100,0.6,15.729928635300945,-0.2919579231516748,0.06338614626045033
27200,0.1,19.05281413981936,-0.293060051327018,0.06324646105022322
27300,0.68,33.319725720033254,-0.2933909738566599,0.06319072753967653
27400,0.04,31.715634638287273,-0.29422881395724493,0.06304616426659862
27500,0.54,38.106881601273756,-0.2950400137157147,0.06299199936772559
27600,0.02,22.208644922374514,-0.29589546173812625,0.06284837466152289
27700,0.7,14.090658255986032,-0.2983470511541724,0.06277890592134626
27800,0.02,17.47477129757597,-0.29967198613309354,0.06263042447497204
27900,0.52,12.817753630409488,-0.30074155325186724,0.06255880372350112
28000,0.04,8.811852467762199,-0.30124122145004273,0.06239425937326477
28100,0.64,8.3718781257622,-0.3033055030929531,0.062324198784971425
28200,0.04,16.434200452037363,-0.303312577168486,0.06215815497957169
28300,0.5,29.876438786669752,-0.3017968707399606,0.06208881896118756
28400,0.0,30.781559706259685,-0.3030524736913019,0.06196194918032833
28500,0.76,32.85074186167553,-0.30234679724813157,0.06188801385553646
28600,0.06,35.941437852959105,-0.2993269383958774,0.06172959488217019
28700,0.44,41.3964316280871,-0.2980848520845281,0.061661775905095174
28800,0.08,50.758284790487494,-0.2966402161986886,0.061465806205869965
28900,0.58,50.00991723773178,-0.2979482858028535,0.06139308296453076
29000,0.08,45.74511347554256,-0.2990996011442464,0.06119428626172168
29100,0.54,40.172981719054,-0.29861444026069156,0.061121398352022974
29200,0.04,39.470893516124825,-0.2983526056821085,0.06095037895132958
29300,0.6,40.179632031605635,-0.29906371839195794,0.060876886660383794
29400,0.02,34.28596511320331,-0.30000648815623,0.06073299183512759
29500,0.56,36.32136765161337,-0.3022464109448548,0.0606649452618219
29600,0.02,19.529721626601752,-0.30313106535225104,0.06051424991800321
29700,0.54,19.12736915966661,-0.30412439831883986,0.06044734908674364
29800,0.08,27.78652939877529,-0.30349387826159296,0.06030392983775395
29900,0.6,38.83273231417843,-0.30246342756924904,0.06024413197506665
30000,0.06,39.51590099312514,-0.3012884627513308,0.060091405197772396
30100,0.6,44.57939467544306,-0.30117700841831896,0.060023246144440205
30200,0.06,32.1770364153479,-0.3028119939071617,0.059892912317698103
30300,0.46,32.55097155131238,-0.3034896363311021,0.059827709478830704
30400,0.04,27.999061514285586,-0.3037703351301493,0.05966826012234705
30500,0.6,27.94797960583752,-0.30547276082594904,0.05960913432125146
30600,0.0,53.682405862120525,-0.3032470311990815,0.05942601673638764
30700,0.54,52.42822102837832,-0.30551910236210106,0.0593649463061054
30800,0.02,50.39679409492522,-0.30569589196134733,0.0592195499244167
30900,0.62,23.378710223732284,-0.3068908880087622,0.059160046423801634
31000,0.06,17.912171206126725,-0.30763962733645583,0.05902786216387302
31100,0.6,17.713205376184522,-0.3091002049375429,0.05898095366085309
31200,0.04,15.157056867903131,-0.3098278572285456,0.058852265104680494
31300,0.6,20.458759747787532,-0.310394460549701,0.05879273085803256
31400,0.02,26.270709455759793,-0.3109626361002632,0.05866656493722969
31500,0.46,28.960271209283498,-0.31228613405287753,0.05860459006777248
31600,0.04,19.359811321388808,-0.3128744116707863,0.058473179104532744
31700,0.58,18.74800909758881,-0.3141754995241363,0.05840764987295593
31800,0.02,16.776119843358746,-0.3149866697340986,0.0582741542756594
31900,0.44,27.65608187758107,-0.3148688880566418,0.058209697940965026
32000,0.06,26.199216134322448,-0.31456889611336175,0.05806160326092055
32100,0.6,28.256095252034587,-0.31627415542900045,0.05799744872335303
32200,0.0,30.00835877401887,-0.31329348662903045,0.057859011900897254
32300,0.48,26.982881732725225,-0.3154886169192067,0.0577982831507254
32400,0.1,18.351850304963026,-0.3178929119508105,0.05766101077086813
32500,0.46,19.78971143799887,-0.3193922244229429,0.05759917944617549
32600,0.08,23.530092238028935,-0.31801799339847264,0.05748117608795009
32700,0.48,29.949232325049753,-0.31698759698999984,0.05742459935988838
32800,0.1,45.13657695319442,-0.31382308263628217,0.057246712758323486
32900,0.54,44.38581152890656,-0.3149776339442045,0.05718599190855513
33000,0.1,36.90286583481988,-0.315198293819592,0.057021900971975764
33100,0.52,30.36591247451926,-0.3166582987766356,0.056962629020205664
33200,0.1,19.333411752445144,-0.3187568576607578,0.0568116421141133
33300,0.62,16.544241273300944,-0.31964440085150003,0.056752086459691854
33400,0.02,16.647933201768808,-0.3219884762733918,0.056635164399737356
33500,0.56,27.17035836604397,-0.3216081266505691,0.0565704815291789
33600,0.08,64.99255764290302,-0.3161812866128017,0.056425688312687995
33700,0.54,71.32798583395042,-0.3162258296267934,0.05636475328098646
33800,0.12,67.75992357224851,-0.31930159517171663,0.0562283018208197
33900,0.54,58.78705747321267,-0.3186337072994719,0.05617131802697181
34000,0.12,56.30627776725891,-0.3163362349132884,0.05601631127892208
34100,0.5,55.20959877105891,-0.31732747662260563,0.05595403058035102
34200,0.06,38.64286310770987,-0.3185367684416649,0.055817850578543673
34300,0.58,27.699684424639692,-0.32025028581933,0.05575051349885833
34400,0.04,23.45576941123159,-0.32013071748462907,0.05563814187384839
34500,0.6,20.87483895320152,-0.3220778600185231,0.05556220872430198
34600,0.08,22.851807682467427,-0.32441520249320266,0.055434121787380566
34700,0.6,28.154704562351828,-0.32512988292048367,0.055369451287644124
34800,0.02,31.98987389315981,-0.3240790460970417,0.05524223407585453
34900,0.6,39.14695460727427,-0.3246668582102708,0.05518277573354788
35000,0.2,43.139964968026526,-0.32465091810665975,0.05504090965837929
35100,0.74,38.2687923122115,-0.3262459806850475,0.05498565981974632
35200,0.02,32.49612274184547,-0.32801063099454164,0.05482909976444274
35300,0.58,34.242502313757605,-0.32852009014975014,0.0547688866352321
35400,0.0,35.697799256329546,-0.3272733176739065,0.05464815045157253
35500,0.6,34.81710912427175,-0.3291309669583005,0.054583266995579464
35600,0.02,30.166435014548046,-0.33131714674411583,0.05444988135667138
35700,0.62,32.98063476111603,-0.3320244943979876,0.05440171996757608
35800,0.06,23.24664285639528,-0.3345779627651717,0.05427260948790849
35900,0.56,27.679140439688926,-0.3357075776639358,0.05421644470813188
36000,0.04,26.705026660394587,-0.3353688950196788,0.05408424753042498
36100,0.58,37.296422527084765,-0.3343000089411616,0.05403060634870195
36200,0.06,36.41875441095761,-0.3354285652570125,0.0539019130668719
36300,0.66,41.86463390078422,-0.33568742334091056,0.053845967677088886
36400,0.04,33.762855146465014,-0.3364229547959075,0.05369798728466982
36500,0.56,36.24683150470282,-0.3391689213265234,0.05363300106078002
36600,0.04,38.143301466170584,-0.3376961266418391,0.05351873984225383
36700,0.6,47.8849300972528,-0.3365789055090016,0.053468509331172524
36800,0.14,44.3716068507765,-0.3383090370158584,0.05331587716836922
36900,0.66,45.45288982669097,-0.33920729129118393,0.053260912856800374
37000,0.12,31.966367178013947,-0.3412349876148879,0.05312566367146342
37100,0.64,37.253197329746094,-0.3412117545693,0.05307479100125337
37200,0.02,40.16742064324202,-0.340081521249066,0.052962566403074396
37300,0.68,38.28746844324201,-0.34221854887597614,0.05290711186924833
37400,0.1,40.78481722736837,-0.3423422417420474,0.05276876636874916
37500,0.66,34.74492722358687,-0.34306147853308805,0.0527040350801477
37600,0.08,36.35811460931832,-0.34166741459832456,0.052535880251233555
37700,0.5,30.95048479715762,-0.34227399737625525,0.052479185246805594
37800,0.04,26.111693835274515,-0.3429405955574042,0.05236575354887799
37900,0.46,28.80316962872111,-0.34384367479652556,0.05230882105191015
38000,0.04,28.493600110167666,-0.34361319685562475,0.05218402530165139
38100,0.72,35.840171738457855,-0.34453518719110304,0.052126544966252936
38200,0.08,32.085858350147674,-0.3468198258512526,0.05197443532074281
38300,0.62,31.419794933141898,-0.3478633107894434,0.0519152467764997
38400,0.12,29.024956669916342,-0.3479716552822213,0.05180634691946703
38500,0.72,33.968455721361664,-0.34923939330913173,0.051745727540451904
38600,0.02,29.947281858650474,-0.34899228363654283,0.051617366145260635
38700,0.52,26.486625471445965,-0.34965057056380544,0.05156472006854376
38800,0.08,28.601001466263313,-0.34949611610602277,0.05145460275350013
38900,0.62,39.9859677293137,-0.35089630663695925,0.051388690494195886
39000,0.04,35.47452480234112,-0.35036646764376506,0.05127368301544
39100,0.7,41.814572915906325,-0.3507900761538719,0.051210962418660244
39200,0.16,31.690590305971867,-0.3523527296017353,0.05109405596442381
39300,0.68,38.7039649869306,-0.35170996715978503,0.05103245581157759
39400,0.06,40.67419341423496,-0.3515973112144285,0.050883747433249076
39500,0.66,34.812518860082704,-0.3535044881053163,0.05082649728383547
39600,0.1,32.90633295617171,-0.35248825974244274,0.05068587481892415
39700,0.8,42.04077216915104,-0.3530512936590483,0.05063781193048928
39800,0.06,47.65445047567977,-0.35253590144883284,0.050501564626777025
39900,0.48,53.340889049721405,-0.3527992442042719,0.05044924939452554
40000,0.04,32.49551454392978,-0.3560606360706737,0.05033437374808689
40100,0.72,28.08538775998885,-0.36013069107972434,0.05027252566288292
40200,0.02,12.2251328598466,-0.3614789613085116,0.050146269175431614
40300,0.52,13.074258689788802,-0.36242171754932706,0.05009331761727899
40400,0.1,16.713318399946722,-0.3653411160649839,0.0499573538375246
40500,0.52,17.556249521351006,-0.3667252083281236,0.04990319197791291
40600,0.12,15.829267103086606,-0.36827646135407166,0.04976027963708709
40700,0.42,19.44218947143887,-0.3687884850774165,0.04970444760350428
40800,0.04,31.549345028356786,-0.3683793897583758,0.049560803436944814
40900,0.6,26.437310278306725,-0.370048943363257,0.04950585859374416
41000,0.06,28.148683923708724,-0.37192123890721784,0.04938144359695687
41100,0.56,33.87138409462897,-0.37034836222378265,0.049334721238433736
41200,0.08,37.28137322010381,-0.36997080586136566,0.049207877272440526
41300,0.58,47.78056539573042,-0.36984551446926517,0.04915765429424023
41400,0.06,40.48677620057465,-0.3689308042401117,0.04904361321063518
41500,0.74,48.833668062035095,-0.3690668403303864,0.04899364852324046
41600,0.06,38.18083914799843,-0.3689103555275033,0.048837612681501545
41700,0.46,41.39910925550213,-0.36706514316061745,0.048785396578067464
41800,0.1,35.57836617872282,-0.3674465333209001,0.04863686184305823
41900,0.62,41.29104668718294,-0.3679731330288621,0.04858745002015164
42000,0.1,31.376385553620736,-0.36887533388233307,0.04845034540671867
42100,0.72,31.954122575210675,-0.3705724703751097,0.04839541691595806
42200,0.02,27.310321348927545,-0.3716914788713802,0.04827841263419077
42300,0.7,34.304995390509745,-0.3709972711730025,0.048225976977913615
42400,0.1,33.33850440547818,-0.3712477598104196,0.048092910108684855
42500,0.72,26.03500112130592,-0.3739895993318708,0.04803926835729577
42600,0.02,36.19849313741118,-0.3711332256400827,0.04791031459089546
42700,0.68,41.976818315549096,-0.3711533178865097,0.047864646697271855
42800,0.14,38.68815566118412,-0.37150073060805683,0.047747634053207005
42900,0.62,41.391276948697545,-0.3722011039512793,0.04769558409801676
43000,0.04,32.15459739933911,-0.3705470257060995,0.04758429010672395
43100,0.68,33.11441915951137,-0.3707356195590521,0.047526919030862605
43200,0.02,44.81047768556344,-0.3691793234130197,0.047415513628659985
43300,0.62,45.80567835095337,-0.3710840699991272,0.047359747869803175
43400,0.02,42.35318662250169,-0.37109847309820354,0.04724417031749868
43500,0.5,48.91419996549277,-0.3693625698616088,0.0471912699489272
43600,0.02,47.06897594095898,-0.36907746405844455,0.047070240589347355
43700,0.56,52.982534150615635,-0.3695504782829641,0.047019345183825
43800,0.04,34.05829292216821,-0.37356487801515187,0.046900269261407
43900,0.58,32.60796574644401,-0.37448998452714466,0.0468473463929475
44000,0.02,23.0704015428113,-0.37493194356363035,0.04672310595541363
44100,0.62,39.38378186232003,-0.3735529756241084,0.04667561037607001
44200,0.06,44.80824383897391,-0.37311926332451356,0.04656881059137525
44300,0.54,56.57656770509617,-0.3717425044343532,0.046525542665348835
44400,0.02,38.13818664924902,-0.3751997889453994,0.046409100262447316
44500,0.76,44.17695450600197,-0.37372724590514067,0.04635747798482487
44600,0.04,37.97749450688678,-0.37416215105841155,0.04624852244250938
44700,0.48,39.08082774548477,-0.3765618211538919,0.046203364320855964
44800,0.14,34.62968201941591,-0.37505101457743023,0.04609175880213957
44900,0.56,31.19867760321591,-0.3766449276968447,0.046034589802388934
45000,0.12,36.78588231293153,-0.37696330064421596,0.0459123647845218
45100,0.52,38.89083452964101,-0.3770960814957579,0.04585611759306509
45200,0.14,35.972607141288755,-0.37935417842727226,0.045716684370345595
45300,0.58,40.79852738229685,-0.38029347193349783,0.0456602317173246
45400,0.06,38.00631307807708,-0.37920479829415576,0.045543554773932994
45500,0.64,35.24826769537916,-0.3804444204368752,0.04548531678408769
45600,0.1,33.077532094103745,-0.38024682080276495,0.04535404944592797
45700,0.52,34.65797492768652,-0.38148921932611296,0.04530321565498086
45800,0.18,37.87637666450074,-0.38114296490664057,0.04518184584954095
45900,0.76,49.53087792035868,-0.38136785556309033,0.04513597343189856
46000,0.08,44.60417026865477,-0.38234181950455925,0.04499259027041264
46100,0.56,47.964040308948285,-0.38224097300398285,0.04493744517817612
46200,0.12,47.35406399382809,-0.3819936306650216,0.044817552764040224
46300,0.36,50.97268636754336,-0.38031076653207957,0.044770187728842885
46400,0.16,42.82010855445448,-0.38549919433209767,0.04465250752681059
46500,0.58,48.62069303185052,-0.38632700460211034,0.044592013136196845
46600,0.08,39.97301881721973,-0.3887262454946072,0.0444796314989184
46700,0.62,49.08792038586055,-0.3872713799743083,0.04442869592240813
46800,0.0,34.05250646621268,-0.38813761539716507,0.044306981703411456
46900,0.74,32.54174869992481,-0.38910490121720437,0.04424293577137948
47000,0.02,20.39372933076976,-0.3905666030443021,0.04411759864318145
47100,0.66,22.804294327950082,-0.39122675162734927,0.04406387849258169
47200,0.0,25.316961062926275,-0.39118482234391494,0.04396966282938132
47300,0.52,29.239004558150558,-0.3926493276011177,0.043914816328767974
47400,0.06,24.187703578793787,-0.3928312509734323,0.04381179681850417
47500,0.64,27.962962548555286,-0.39246113615255235,0.04375841621114267
47600,0.14,25.942577627151007,-0.3954722619369028,0.04362897154969982
47700,0.62,32.23321271132327,-0.3958022964069795,0.04357856559755232
47800,0.08,27.861546981273204,-0.3972166894922592,0.04345160389735614
47900,0.64,22.391221314106723,-0.399245882414554,0.043406630877713945
48000,0.12,20.874818971338744,-0.4027736185245538,0.04329886467003303
48100,0.6,20.726847825568807,-0.4054537016372613,0.043252624540138986
48200,0.1,22.107394390148002,-0.40640215919301126,0.04315544574238138
48300,0.58,27.009409644378067,-0.4069348847276385,0.04311385747019292
48400,0.0,25.991743850032403,-0.40738349480010505,0.04300567416868641
48500,0.58,23.996891695395405,-0.40930195524355084,0.04296130661270931
48600,0.02,27.242504108370824,-0.40902125875020856,0.0428490088593441
48700,0.6,21.956521665492204,-0.40994846279741454,0.04280599720056591
48800,0.08,26.4654494490942,-0.41129590462461457,0.04268502747828651
48900,0.64,33.32414761615005,-0.41289344598360384,0.0426373322829278
49000,0.1,27.887739907791854,-0.413524389064062,0.04253064666716822
49100,0.58,35.10237984190632,-0.4125980424470998,0.0424796978472389
49200,0.06,25.18673093254212,-0.4127065822229227,0.04237469694866541
49300,0.74,34.8384156914323,-0.41146499170578466,0.04232085387549379
49400,0.0,26.508938760171127,-0.41213896991780197,0.04221330534669854
49500,0.62,26.685320964458995,-0.4136842758430702,0.04216469940119595
49600,0.04,27.39878060560007,-0.41181020985759537,0.042058714815561636
49700,0.66,42.08808077017465,-0.41003045792916687,0.04201156610400162
49800,0.06,47.47950937377665,-0.40906688048663115,0.04190062166674869
49900,0.62,41.83428720372658,-0.4115230961533857,0.04184743537521241
50000,0.02,25.088098419583076,-0.41118692814521024,0.041741352898253065
50100,0.58,29.880989139863196,-0.4101695471913296,0.041692077118953494
50200,0.12,33.316955255772555,-0.40905831346211025,0.04159072407940823
50300,0.66,36.024391626169546,-0.4112691406027435,0.04153767154316737
50400,0.1,26.28377096305959,-0.41311967587693693,0.04142367649768587
50500,0.56,30.232131960239915,-0.4144478301483807,0.04137872928503168
50600,0.06,19.787737385847656,-0.41720427540800936,0.041289924582218036
50700,0.68,24.040451387136336,-0.4182047133852334,0.04123772172517338
50800,0.04,20.174604331911006,-0.41803125747090747,0.041147310365313765
50900,0.54,32.50941025755761,-0.4178776883079428,0.041102389694942974
51000,0.04,37.69971464513188,-0.4169389585844977,0.04099213271009922
51100,0.68,41.680776914786215,-0.4168214112603222,0.040939293091288395
51200,0.06,32.49011305220667,-0.4191054050885226,0.040829130646241024
51300,0.58,39.24670018057694,-0.4202712287128469,0.0407753471814281
51400,0.12,39.081780092728366,-0.42141709056745363,0.04066856002486068
51500,0.62,50.07831567052724,-0.4214661529413593,0.040622622381397404
51600,0.08,45.954693002872894,-0.4216476559600203,0.04051704147917831
51700,0.6,43.2171303562729,-0.4231849519440608,0.04046583196467157
51800,0.18,44.201590851197736,-0.423677498100164,0.04036798671413576
51900,0.66,44.72204663826132,-0.4255263358421647,0.04032256600564501
52000,0.14,47.84376179636918,-0.4285403570729999,0.040223039875843775
52100,0.64,40.147615082898994,-0.42902673464364366,0.04017108116132242
52200,0.12,40.42812306390027,-0.42923267990936365,0.04004803115282716
52300,0.58,32.89548505962015,-0.42965752412598407,0.0400056507365099
52400,0.06,37.61895458506806,-0.4300977819010164,0.03991041879489413
52500,0.6,35.647807939833484,-0.430243314888977,0.03986042641146909
52600,0.04,39.961028816714105,-0.4288251705736861,0.039751656468130225
52700,0.56,40.6045948012543,-0.429778078562712,0.039696969999554466
52800,0.04,39.72179326688437,-0.4286461195241235,0.03959031082881119
52900,0.52,37.785388903658585,-0.42874177788448636,0.03953836483758656
53000,0.14,34.70074389058968,-0.4314057981894162,0.03941377845569264
53100,0.64,46.03869908351835,-0.4287470869507711,0.039348968542294714
53200,0.06,38.40982112771346,-0.4300973179792318,0.03924085651488604
53300,0.54,42.238265557359355,-0.42974510231508095,0.03919549285612459
53400,0.12,32.91067288367369,-0.4310215655683501,0.03909569903986722
53500,0.6,28.45779785351299,-0.4323863037333668,0.03904260797397829
53600,0.12,30.692354056741316,-0.4315989867203249,0.03894336307825417
53700,0.6,28.134224730979113,-0.43288727238085123,0.038899910966083986
53800,0.04,26.509502703444692,-0.4351675934886569,0.038776190515007844
53900,0.74,26.366315799264697,-0.4362077447843803,0.03873437937882859
54000,0.14,25.512132034900404,-0.43475041574894435,0.03858457987778838
54100,0.5,25.062079193606767,-0.43664158214660104,0.038540475918310495
54200,0.08,20.742978976429495,-0.43997355396756066,0.03844435463099754
54300,0.58,14.874105163842785,-0.4410434993512889,0.038401417059435485
54400,0.06,15.398292418072847,-0.44159403649563894,0.038270681670446595
54500,0.58,18.05817651359655,-0.4426385049701642,0.03822396448228784
54600,0.02,20.925200065826612,-0.4427628609768986,0.03812893189645238
54700,0.56,20.708721665826612,-0.4441286023647706,0.03809013829755784
54800,0.06,14.347941911742902,-0.4448887515498413,0.03801914547915631
54900,0.44,18.704428797505102,-0.44571896296552854,0.037971787934372316
55000,0.02,16.62125154327504,-0.4462689937391062,0.037897002193531426
55100,0.66,20.638668627447302,-0.4465534275020275,0.037850663563599556
55200,0.1,23.104199981920495,-0.4465302178572739,0.03774627181921287
55300,0.5,32.578988704702816,-0.444954080774146,0.03770260201479701
55400,0.08,43.56803296058922,-0.4437850694321975,0.037621572063715907
55500,0.54,45.82354465246829,-0.44430026139075984,0.03757282354262683
55600,0.02,47.17883588851789,-0.4413238510934875,0.03747373212557478
55700,0.46,47.29242121885809,-0.442133483663521,0.037432733947075435
55800,0.04,47.89106184593151,-0.44187297157067923,0.03733339411778446
55900,0.78,44.256140625413586,-0.4431957638957038,0.03728912617724263
56000,0.04,45.758419503491155,-0.4433106961704803,0.037202540824881385
56100,0.64,36.91417276118767,-0.44494659122596,0.03716331098154228
56200,0.0,24.203142755618867,-0.44594183292776174,0.037083723757276005
56300,0.6,20.418726997208807,-0.44619576210337064,0.03704417096858917
56400,0.04,32.06542250778385,-0.4445093610054585,0.03692956908990012
56500,0.58,44.53368806130826,-0.44425571255983337,0.03688330871892871
56600,0.06,55.37514383684446,-0.44140149941534534,0.03677278782618119
56700,0.64,63.679459233383646,-0.44065186919913024,0.03672884671562188
56800,0.08,70.31272667332867,-0.44116423889034156,0.0366434139260607
56900,0.62,70.12198296491144,-0.4403291075525739,0.03660709266441553
57000,0.06,51.02033235669686,-0.44272108466978094,0.03651291779660595
57100,0.54,46.93466496462885,-0.4423334999202352,0.0364696136155668
57200,0.1,43.80375681972086,-0.4425850134561958,0.03635388806291604
57300,0.58,59.542561532461114,-0.44366628288705595,0.03631538425159831
57400,0.1,48.217375482539474,-0.4464743790283845,0.03621743236643606
57500,0.6,51.74914171218538,-0.448220070396864,0.036178570194999655
57600,0.06,35.576459514437374,-0.4484170470774717,0.036079517062046484
57700,0.4,40.729845934087336,-0.44899778171802757,0.03603647824005824
57800,0.04,32.2777138705583,-0.45083818621365557,0.03593604783978106
57900,0.56,31.15150684498535,-0.4529791065657069,0.03589253767831206
58000,0.16,29.044815606973785,-0.4545809862406879,0.03580849156070641
58100,0.68,28.134036277711004,-0.4529157890036342,0.035766890163084174
58200,0.12,33.23182612337385,-0.4510978166439445,0.03567161625305016
58300,0.62,35.417742604252474,-0.4520240395274781,0.035633068943002215
58400,0.06,35.195590387230524,-0.4512165008198188,0.03553409505013476
58500,0.56,34.68505077511187,-0.45144357211634595,0.03549354892293979
58600,0.02,30.32420748592362,-0.45240277469209234,0.035404460301608834
58700,0.52,32.06558846592362,-0.4538814670846575,0.035365073520618504
58800,0.02,27.664682006078994,-0.4522566951149438,0.035284926426758775
58900,0.62,33.301392073245474,-0.45277797726638525,0.035244303357086976
59000,0.02,44.25306099509208,-0.4517112946987533,0.0351715514802905
59100,0.64,39.06596391091982,-0.45305206879356114,0.03513523978257288
59200,0.12,38.62931985590561,-0.4531145419741821,0.03504371244263352
59300,0.66,36.10738814747553,-0.4540278846937528,0.03500503853016156
59400,0.06,57.46479039727591,-0.4527024627266298,0.03491445263376219
59500,0.58,66.9312204204624,-0.4520857404780156,0.0348706450433289
59600,0.2,63.561575205060564,-0.45383524163645395,0.0347633808719049
59700,0.66,61.6878712112105,-0.4531662092369691,0.03472577508064136
59800,0.1,38.55313565782515,-0.4550448920226336,0.03463529015200837
59900,0.66,42.651620970085276,-0.45476116554366036,0.034593031457957106
60000,0.04,32.297112298889054,-0.45683195038327856,0.034496758350197415
60100,0.6,33.342237594709054,-0.4582135920822172,0.03445275649840659
60200,0.0,27.234934610765066,-0.4568387347430502,0.03436526475199015
60300,0.72,37.23739806661017,-0.4570169637491672,0.03432416958451418
60400,0.06,34.8950648832467,-0.45918050205948535,0.03423196164125867
60500,0.58,33.0694635374647,-0.460604738822133,0.03418863430355973
60600,0.02,25.350389312838413,-0.4633850379131871,0.03409948080325418
60700,0.46,24.122282190067654,-0.46371229019749965,0.0340549061355518
60800,0.08,22.001392830790806,-0.4647044850523854,0.03397126799446384
60900,0.74,28.52737399377729,-0.46352643904188195,0.033922686482386395
61000,0.06,32.25747400800239,-0.4639627455375687,0.0338398789724376
61100,0.66,33.20674072023245,-0.46587467452743037,0.033802927401116095
61200,0.04,33.13053445777843,-0.4673248296739804,0.033721936428084236
61300,0.72,33.46505957549057,-0.4675730575604762,0.03368667835443558
61400,0.1,38.45400047362752,-0.4665679456317594,0.03359802071974125
61500,0.6,34.01697894786531,-0.46810346627464655,0.03356380848602779
61600,0.12,35.04708041657484,-0.46796364888976194,0.033487828953639005
61700,0.72,31.645955461964782,-0.4683478476537661,0.03344981005124082
61800,0.14,33.5977957180251,-0.46720106508607684,0.03336056146725234
61900,0.56,37.9803528237675,-0.46593100131614135,0.03331965982359603
62000,0.04,34.862005467394056,-0.46843930160345953,0.03323402191868935
62100,0.74,37.15448954620827,-0.4700960223565217,0.03318621927813042
62200,0.08,22.60287489158454,-0.47174106752558737,0.03309694088433449
62300,0.68,24.293837977462342,-0.47389391507700285,0.03305301897007103
62400,0.06,35.00122601485704,-0.4720801100465741,0.032960855407228734
62500,0.76,39.16640384779069,-0.47365794976788184,0.03292589919196175
62600,0.02,40.59521637360275,-0.47217441348269323,0.0328282609088918
62700,0.5,40.467164338601926,-0.4733037683823943,0.032791597456403705
62800,0.06,37.4808171491854,-0.4733314925309086,0.032707079645685234
62900,0.52,40.983110816621235,-0.4731970932830395,0.03266228039488299
63000,0.08,47.281996949081865,-0.4715641711996387,0.03257963361136145
63100,0.46,63.17271026730419,-0.4716062638918746,0.03253829024600172
63200,0.16,50.0525005372498,-0.4759899976701793,0.032449117827696196
63300,0.58,48.30939524060918,-0.47776377835345796,0.03240912947936301
63400,0.06,24.64219264638025,-0.4790408759714917,0.0323278199116041
63500,0.6,30.05836131702037,-0.4789853571921538,0.032288087594070154
63600,0.04,42.135586605743995,-0.47749998418586304,0.03219484372591329
63700,0.72,52.41531271578909,-0.4770730852550063,0.03215818663402142
63800,0.04,51.53659018002959,-0.4771099422040862,0.032058075165824595
63900,0.64,44.96441479501848,-0.47765403719645405,0.032022438392983986
64000,0.04,38.59441594485778,-0.4796029403558077,0.03193505651769695
64100,0.62,41.71350947460226,-0.4809592421254684,0.0318941324377573
64200,0.1,38.50441233864734,-0.48274688737185045,0.031809449721118425
64300,0.64,35.48993625822652,-0.48291028399483193,0.03177657733686767
64400,0.02,31.763018070664323,-0.484224397915351,0.031687275819149895
64500,0.68,23.32396371932558,-0.486998042949874,0.031645718296637246
64600,0.06,30.13193443344004,-0.4865410898192528,0.03153351052188189
64700,0.68,32.065576562247095,-0.4876539723661261,0.03149520324910639
64800,0.1,44.29872106216772,-0.48786260129772424,0.03141129075172004
64900,0.52,50.320242091032,-0.4884851290177543,0.03136687991061143
65000,0.08,44.78518200677733,-0.4894657400189086,0.03126630206504451
65100,0.68,50.561510741367584,-0.48942972146652575,0.031226053867741313
65200,0.12,39.34582854109753,-0.48913076474651634,0.031131831172741684
65300,0.68,37.828085939205394,-0.48845486558316165,0.031092881617860998
65400,0.12,30.36162392677533,-0.4896498513285021,0.031016043598265295
65500,0.7,39.72316643652413,-0.48937767420091804,0.030973113013618714
65600,0.02,27.457986769365395,-0.49265920687632964,0.0308936606511872
65700,0.6,41.50520328210564,-0.4927260779019405,0.030856684547955395
65800,0.02,28.069227423084772,-0.4926701570317348,0.03078836028873996
65900,0.56,39.06780584030131,-0.4939452932958915,0.030738067058780356
66000,0.06,29.909018401323767,-0.494129087951916,0.0306617149322824
66100,0.66,47.67022749834691,-0.494503474609723,0.030621606535165463
66200,0.06,39.62957937517788,-0.4960209459185091,0.030539633700894516
66300,0.6,47.96104716788807,-0.4963803401935477,0.030499203106241952
66400,0.08,32.066174107443615,-0.49606858961423533,0.030423164413820404
66500,0.66,43.339421776507336,-0.4940646945420441,0.03038059874528522
66600,0.06,43.633780568419255,-0.4956703611052838,0.03031193427559102
66700,0.62,51.83564813410366,-0.4957043353192191,0.030274072569223556
66800,0.1,38.87644401507081,-0.49585571968606457,0.030192048812130504
66900,0.7,48.977718490586774,-0.4960382123719935,0.030155740568101885
67000,0.04,58.09306331692054,-0.4931612512248119,0.03007382539532479
67100,0.72,66.4676878969128,-0.4923263983275938,0.03003624458350875
67200,0.1,58.020911957832354,-0.4935001898488373,0.029946733548969658
67300,0.74,59.50644428011247,-0.4928802097111342,0.029913177581943975
67400,0.08,48.85534573381951,-0.4919685146379174,0.029813464043840374
67500,0.76,45.87515447958945,-0.49399239757783,0.02978317852183682
67600,0.06,33.4879194534642,-0.4954642329994805,0.029708345658412207
67700,0.62,42.492622012212685,-0.49397393079462143,0.029675812050034212
67800,0.02,33.93073378616034,-0.49743970065372256,0.029596621160736098
67900,0.58,37.9145442517724,-0.4983138066289035,0.029563491500261465
68000,0.02,26.810786059578014,-0.49900544352134035,0.02948817556670495
68100,0.72,29.91822174173651,-0.49886721219695396,0.02945144439935756
68200,0.06,27.21168147817679,-0.49957090325723347,0.02938541916800927
68300,0.7,34.79265652863692,-0.5005938565817778,0.029346619319735125
68400,0.04,43.91097049619545,-0.49822994914820534,0.02926322781812124
68500,0.62,47.263578116195454,-0.500418104114756,0.029233765809018274
68600,0.02,40.170835988526,-0.501415015740033,0.029158027314489212
68700,0.6,42.9667713305062,-0.5013835943043561,0.029122961104117516
68800,0.0,39.78517389700412,-0.502501693320228,0.029057804490300737
68900,0.66,47.64958545969431,-0.5027141905849933,0.029024405770172273
69000,0.14,48.79019736294677,-0.5020013519335713,0.028951632833474277
69100,0.5,47.84585110491671,-0.5049592843909407,0.02891550204490532
69200,0.08,46.98348380429658,-0.5059092797421777,0.028833621059758768
69300,0.48,35.076081086241196,-0.506881536610415,0.02880054769480318
69400,0.16,32.78982411329887,-0.5076384186999682,0.02872363215779204
69500,0.5,38.438104690027544,-0.5070871958099363,0.028688025451397182
69600,0.16,48.804152224148176,-0.505772956345306,0.028627843809250684
69700,0.56,53.66077084324841,-0.5055020497830818,0.028593086389110484
69800,0.06,60.43595950117652,-0.5045893046900423,0.02852488328014783
69900,0.64,52.7330440966001,-0.5056759761210802,0.02849372118964538
70000,0.26,54.861158613084186,-0.5066249014463763,0.028414323135689513
70100,0.64,54.25819755885412,-0.5075525656496062,0.028380317347893685
70200,0.02,37.61747725016161,-0.51122443796752,0.028312361282145145
70300,0.48,42.64114227662006,-0.5100608430113222,0.028276660686733603
70400,0.14,50.770923956699605,-0.5093463202129612,0.02820206503923061
70500,0.62,53.215379631735445,-0.5094765108379329,0.02816740063979402
70600,0.12,48.179199123597435,-0.5098970095116115,0.028086212666683142
70700,0.78,49.130908099013276,-0.510813619382601,0.02805048306717653
70800,0.08,34.34691822840424,-0.5127004482947102,0.027975239164890305
70900,0.6,36.5937866488921,-0.5128220543345486,0.027937542772055436
71000,0.04,34.54406501488131,-0.5121778683036986,0.02786628271890982
71100,0.7,34.05751830265126,-0.514581157191849,0.027835511657494403
71200,0.1,38.288484892337614,-0.5120254760117906,0.027775283797753587
71300,0.6,35.236111638107545,-0.5127359632380467,0.02773943239810194
71400,0.04,37.81432830907403,-0.5146747493836702,0.027667866983005253
71500,0.64,38.84275523378767,-0.5139227841936022,0.027640255787002768
71600,0.12,30.30678296117484,-0.5165390670337207,0.027546393043113963
71700,0.72,36.52906663193126,-0.5163868728664789,0.027512128752084503
71800,0.22,32.75890546898378,-0.5156471834031737,0.027422751152427375
71900,0.66,26.78651500178723,-0.5170985761343129,0.027385118703738526
72000,0.08,34.058540156475594,-0.5167095624908487,0.027290325245346005
72100,0.5,30.682802814782754,-0.5175048705532265,0.02725623773803891
72200,0.18,32.85273613236724,-0.518156787974847,0.02718107346643652
72300,0.64,28.477465486845585,-0.5186603300110825,0.027152231991537875
72400,0.04,31.389644793409513,-0.5189849496204054,0.027078941315117355
72500,0.64,31.29384635181957,-0.5201556782988637,0.027049402127068446
72600,0.1,39.20484862205043,-0.5190938895619642,0.026987103465778574
72700,0.66,35.12765757776257,-0.5195000062547506,0.02695440008388429
72800,0.04,36.06056238717114,-0.5244023181393904,0.02688419056179154
72900,0.56,45.714990749891385,-0.5228004381514381,0.026854478453960166
73000,0.12,45.2514000365659,-0.522045490275287,0.02675689781271177
73100,0.64,42.011290690043694,-0.5224315295923125,0.026727963841760523
73200,0.06,46.14559323241438,-0.5215172820741186,0.02663476592659528
73300,0.64,43.71633353924244,-0.521341572870226,0.026603089405600307
73400,0.14,40.18928260165616,-0.5238430960365881,0.026529709070721736
73500,0.6,36.30279018868074,-0.5258029067313204,0.026498547018820505
73600,0.14,40.60719357690051,-0.5239331431779614,0.026438349850952166
73700,0.48,44.29954660215069,-0.5242516382371194,0.026408443852822455
73800,0.02,51.32346498407705,-0.5262560107613278,0.026334482493794775
73900,0.74,55.043331757600754,-0.5262759004084976,0.026300642060137845
74000,0.04,37.13184214289552,-0.526380246947017,0.026216779684360758
74100,0.7,40.60543755995314,-0.5262473640858366,0.026178179014409594
74200,0.06,32.40287104340519,-0.5254643010746335,0.026104679818000704
74300,0.66,33.633084365405196,-0.5255159482090265,0.026072215357181603
74400,0.02,44.78967987491338,-0.5232350956239534,0.025985822517528033
74500,0.54,41.48463711242552,-0.5237441777532248,0.02595487235883986
74600,0.08,56.541753292551746,-0.5223605646471948,0.025879026458586165
74700,0.58,56.93053785901961,-0.5240633670299302,0.025846507911718088
74800,0.06,54.939090863235556,-0.5239572953796202,0.025769213424817063
74900,0.7,52.04633101294159,-0.5233668326309405,0.025738861006992988
75000,0.18,63.301610390129014,-0.5232972025800126,0.025672080799982677
75100,0.62,61.57679334650601,-0.523949176270171,0.025639509488798513
75200,0.24,58.656354084178574,-0.5242055044610153,0.02555629078661681
75300,0.54,48.37299384947335,-0.5251621976140516,0.025525544632804317
75400,0.06,42.17405054481323,-0.5261792727000426,0.025431255548867784
75500,0.62,47.76996257895647,-0.5249203657071453,0.025394150466848717
75600,0.16,39.63920073780617,-0.5264944476272758,0.025321076213306766
75700,0.56,41.506046349496025,-0.5266663992475361,0.0252835415091496
75800,0.06,37.41678245234878,-0.525808604383616,0.025195221429438405
75900,0.66,51.84474687383701,-0.525336159701262,0.02516230397786405
76000,0.1,50.368244888635495,-0.5264408576207475,0.025091776189904047
76100,0.54,52.220541584634994,-0.5267125778546687,0.02505911166665419
76200,0.04,45.437876739211106,-0.5262923440069517,0.024989355407842462
76300,0.68,42.083927272044626,-0.5274959723321317,0.02495484646616438
76400,0.08,40.08560016164841,-0.5295874019861321,0.02488810554552793
76500,0.66,39.49526154871198,-0.5295495890869548,0.024856346203811157
76600,0.1,45.98660082947116,-0.5274468783773046,0.024782410569351213
76700,0.62,51.95413920158561,-0.5269505160054309,0.024747130682181814
76800,0.04,49.39947472824086,-0.5289038979489651,0.02467126238734562
76900,0.7,40.71148923867519,-0.5288285634945485,0.02464055222518488
77000,0.1,26.409368870824103,-0.5298515569406228,0.024566109981154036
77100,0.58,19.962832366651842,-0.5304654123082317,0.02453757337805231
77200,0.12,21.977032398050923,-0.5333022286714343,0.024476279135175555
77300,0.72,24.03196463228099,-0.5344246925679107,0.024450649988215865
77400,0.04,30.633303549376834,-0.5353218003495452,0.024374448716587623
77500,0.64,34.96132267513903,-0.536803618272085,0.024345305780171814
77600,0.3,31.931229907323193,-0.5379991971371532,0.024279100044030607
77700,0.76,34.373659384997524,-0.5380280337211384,0.024248938657888495
77800,0.14,32.7696600115257,-0.538692744339117,0.024153367216639403
77900,0.56,32.35159894705714,-0.5393260748784432,0.024118945442243574
78000,0.18,34.20137762584003,-0.5401190787993776,0.024036052712048804
78100,0.44,39.75550919597357,-0.5384750831974827,0.02400633009389812
78200,0.12,32.38976564674049,-0.5400475946771981,0.023941572892539047
78300,0.54,37.30387048022617,-0.538961019961741,0.0239084009026707
78400,0.08,29.677370044859718,-0.5385966362038868,0.023837208668818187
78500,0.56,31.40258709153834,-0.5393118799378963,0.023804997777123985
78600,0.14,43.270480542643675,-0.5368430194192017,0.023735382069873412
78700,0.46,38.52413837561867,-0.5378118902823583,0.02370744299270905
78800,0.1,41.25636795543916,-0.5383142637985369,0.02364338919190398
78900,0.56,44.623250512603434,-0.5382488568313665,0.023613716458406576
79000,0.08,37.520308415185895,-0.5383965658701486,0.023551645696922967
79100,0.62,41.26538057359317,-0.5376046445500415,0.023522045762876944
79200,0.1,39.3632404480497,-0.5374959128377842,0.023456521272853727
79300,0.64,42.69518734910781,-0.5375678198858446,0.023431934140670713
79400,0.08,28.035712131591854,-0.5396396666346448,0.02337532079198756
79500,0.56,30.656857658650473,-0.5396436412892842,0.02334528061666785
79600,0.18,31.242883926891253,-0.541962806000263,0.02327919512731338
79700,0.56,27.35409667266119,-0.5434797822101117,0.023253541631480898
79800,0.02,31.848246299870663,-0.5447761430443109,0.023178243269989206
79900,0.66,28.84244276167066,-0.5450539367441638,0.023149127678620634
80000,0.16,31.25797507730117,-0.5462727911939191,0.023074234339930902
80100,0.58,28.581626668994584,-0.5468646146124383,0.023046973249632233
80200,0.08,39.90001871678805,-0.5454338080270875,0.02297949389277595
80300,0.62,41.52466939022804,-0.5448437522621231,0.022949829294528344
80400,0.12,40.654774474138684,-0.5457113919907226,0.02287719009075223
80500,0.68,41.217474266260886,-0.5457639010166391,0.022845793265287795
80600,0.12,40.61574419795243,-0.5446989410388917,0.022776561393464463
80700,0.58,34.994346554585945,-0.5465825708005776,0.022747968577331253
80800,0.14,42.006518825806765,-0.5480400489532556,0.022675766473835207
80900,0.56,34.00486508633738,-0.5488367907583698,0.02265451677132001
81000,0.18,35.824783721332295,-0.5482423671309067,0.022576962950204168
81100,0.62,32.63970012274154,-0.5478556221244418,0.02255130978567425
81200,0.1,42.72402154245778,-0.5465836068871979,0.022485299672771495
81300,0.46,40.96822397451384,-0.5469225148138951,0.022457495815178717
81400,0.1,35.677498270153606,-0.5480226500122974,0.022402136812220155
81500,0.64,29.725556757156337,-0.5487619367786026,0.02237763556158401
81600,0.18,22.266669661978792,-0.548469229141578,0.02230522369847692
81700,0.7,21.901595291920987,-0.5492798874653941,0.022280107668698663
81800,0.12,27.526763948928767,-0.5511286817178813,0.02220716084584461
81900,0.54,34.97746757510104,-0.5520828645895725,0.022177422069367035
82000,0.06,36.949320431823914,-0.5522408746216303,0.022119235119877758
82100,0.74,39.43463799368782,-0.5529570821201082,0.0220949979844534
82200,0.18,35.10016481292805,-0.5538237668518331,0.022023078963182795
82300,0.56,29.591692813404347,-0.5540802359178152,0.021999587369489797
82400,0.1,35.89334429417211,-0.5525643823817977,0.02194093888391299
82500,0.56,31.26111439251904,-0.5531057541287967,0.02191235859692763
82600,0.12,41.321949563873495,-0.5525118346948692,0.021836310360331505
82700,0.56,44.72879668098714,-0.55143587863037,0.021809515099616945
82800,0.24,41.754133805720734,-0.5516081679830804,0.02173268931191029
82900,0.6,51.00978420435439,-0.5503601474188233,0.021709382641946905
83000,0.08,51.517575725010815,-0.5479736939174954,0.021642405265002426
83100,0.74,56.15632080918307,-0.5484018526183142,0.021610970878620038
83200,0.08,34.33307553666629,-0.5516339230230851,0.021547928717204092
83300,0.64,30.603273514294024,-0.5519030851828804,0.02152181553379635
83400,0.08,28.74770713994823,-0.5511401490751789,0.02145798842122091
83500,0.66,27.877160227718175,-0.5533863759167316,0.021431454869835
83600,0.06,36.90665543336245,-0.5545954653445495,0.02137523794121431
83700,0.68,31.06210149842603,-0.5565608794353949,0.021348179067977334
83800,0.16,31.46035544868616,-0.5583176352320242,0.02128432415077338
83900,0.5,30.82274676438986,-0.5583326025698343,0.021259252159925305
84000,0.24,49.014311250371044,-0.5548382448882282,0.021207411005291863
84100,0.42,45.266051829424335,-0.5549251350604033,0.021180977608902238
84200,0.16,47.77595313528769,-0.5551990079632538,0.02111497165976721
84300,0.56,36.96217239940875,-0.5561364546799367,0.021085102451535113
84400,0.04,29.23196255246077,-0.55640249402044,0.02103251862759426
84500,0.58,22.742412731740522,-0.5573293867273555,0.021003763712409033
84600,0.18,33.15440756812777,-0.5561414338651549,0.020948986036789293
84700,0.62,30.37613567984715,-0.5558861910621435,0.020925569787014407
84800,0.06,38.97860358067826,-0.555404804359587,0.020877978556745468
84900,0.7,38.0248519939326,-0.5550069874263845,0.020849775814332772
85000,0.08,45.49086512879222,-0.5530872586137118,0.020800070909576782
85100,0.62,49.32339845473315,-0.5510013323791789,0.020775825927464263
85200,0.06,56.870596830437556,-0.5501441185571168,0.02071283477792168
85300,0.58,48.71826223498549,-0.5526750829021245,0.020682281047697516
85400,0.1,36.2042845145699,-0.5522038288767482,0.02062715466978135
85500,0.6,32.14735123597418,-0.5522626174045294,0.020603226620074057
85600,0.1,33.36425946418805,-0.5524283967367043,0.020552491932430538
85700,0.58,30.545634367550203,-0.5530839240843867,0.02052751631685339
85800,0.12,19.08146860914788,-0.555478620511583,0.020475909431136315
85900,0.7,24.33829826903228,-0.5562725766675072,0.020450398020038316
86000,0.0,16.041016501879668,-0.5583501316080044,0.020390760779791333
86100,0.68,27.627871650224186,-0.5575951377133057,0.020366569268763075
86200,0.1,31.206282837618193,-0.5595240255256614,0.020294720842076362
86300,0.54,42.52546244839624,-0.5580880486012052,0.020270229755502245
86400,0.18,42.564397840833244,-0.5592517043988298,0.0201930451387011
86500,0.62,37.2324586808382,-0.5592282152390005,0.02016982034786903
86600,0.06,31.30362236177484,-0.5617780851456357,0.020119286753266952
86700,0.62,31.02921011719068,-0.5627601254381409,0.020094529120019095
86800,0.06,28.934249104227792,-0.5645574228700945,0.02003097638963415
86900,0.52,24.04532002005553,-0.5659440057204942,0.020011517740645454
87000,0.02,28.87486367886975,-0.5675098440979625,0.01995391160920159
87100,0.44,30.110354191223845,-0.5671270981859733,0.019929174127812633
87200,0.08,37.05435781739611,-0.5677059714945706,0.019872263085107526
87300,0.62,35.90409515960617,-0.5675655701822253,0.019844926739897968
87400,0.06,35.969022656919115,-0.5695515505278115,0.019778220242688667
87500,0.68,38.404176289855535,-0.5697895806258557,0.019751052765164742
87600,0.04,34.01833630227402,-0.572063327390329,0.019684554533683615
87700,0.66,26.510034408043964,-0.573445664236439,0.019657008558542237
87800,0.16,35.07009001649935,-0.5709588311800018,0.01960239581643099
87900,0.62,32.01591320655715,-0.5724553380428192,0.01957368758691727
88000,0.06,28.52161899268304,-0.573630675307697,0.019521818630537105
88100,0.46,32.98577492525876,-0.5733713700554711,0.01949584847448275
88200,0.04,25.520031243341297,-0.57385994461061,0.01944058894477382
88300,0.56,30.309607486815636,-0.5741867960028828,0.01941574712046733
88400,0.04,29.13642503223636,-0.5750729145862544,0.01936933013061326
88500,0.6,29.875912569646296,-0.5753053212086819,0.019348942057798482
88600,0.16,40.069146569651174,-0.5751547231091045,0.01930539409999308
88700,0.72,42.53708169541338,-0.576027239035586,0.01928141625850913
88800,0.06,44.647932223065744,-0.5753718828514893,0.019228182547146182
88900,0.6,33.35256183879336,-0.5752504134333786,0.019201927099648828
89000,0.02,34.576794693023416,-0.5753627077348032,0.019161086808500982
89100,0.6,32.13580542333356,-0.5754884506449613,0.019132934006100458
89200,0.14,46.69422320267937,-0.5742385578321808,0.01908132949471729
89300,0.62,43.88330652416143,-0.5747478653377462,0.019058906851778808
89400,0.14,46.84006983891716,-0.5761897729927081,0.01900930685123806
89500,0.58,45.518897175453574,-0.5757860342359011,0.018987815680475986
89600,0.06,39.13816632268131,-0.5747736096896293,0.01894169436604898
89700,0.62,37.920234065149884,-0.5746270115056845,0.01891749855852614
89800,0.16,50.54349949590865,-0.575875861364759,0.018870457300073383
89900,0.72,58.02772339508173,-0.5742623671802964,0.018846811403884074
90000,0.08,55.68952428151522,-0.5743076501514417,0.018789302524186258
90100,0.6,45.82105415480401,-0.5767798063299802,0.018762367653889465
90200,0.04,29.999333300192635,-0.5789193301835501,0.01870850986057646
90300,0.72,23.446495932319806,-0.5792050879275592,0.018683801958698003
90400,0.08,22.03640568272395,-0.5788699206486078,0.018632509786286854
90500,0.82,24.37767250131471,-0.5789305574096849,0.01860980873326398
90600,0.06,37.42952808177426,-0.5778859126760845,0.0185510055083845
90700,0.66,39.06880834735576,-0.5779711402744869,0.018525584874436223
90800,0.04,42.00320538109612,-0.5785830913619123,0.018475007869406583
90900,0.68,50.86047657723709,-0.5760318712967606,0.018454290534645368
91000,0.08,56.796066603376154,-0.5741889022684401,0.018393530373873434
91100,0.66,58.409214620085635,-0.5743656471838369,0.018372998107652208
91200,0.1,44.590790882191534,-0.5760943192504215,0.01832382622605702
91300,0.7,45.97415001472875,-0.5758699081045577,0.018302585655984152
91400,0.08,38.86023683664866,-0.5778216195948458,0.01824796181582035
91500,0.68,31.02557333953999,-0.5790784563858092,0.01822390953133512
91600,0.04,26.88988340160206,-0.5793763523209433,0.018161680225895503
91700,0.7,23.38977120160206,-0.5804167158011929,0.018140100634252976
91800,0.1,21.056184187082945,-0.5800471288126133,0.018085544851999695
91900,0.66,23.002608387082947,-0.5819454107875612,0.018061226211144595
92000,0.1,24.195055157331005,-0.5830536105081406,0.018003749506535178
92100,0.72,29.432300953733336,-0.5823634030630824,0.0179805971804792
92200,0.16,28.55704817373333,-0.5819275089532439,0.01792852539699601
92300,0.44,24.700856264976913,-0.5840202607534334,0.017909092450125876
92400,0.1,22.335090589941068,-0.5860453938222366,0.017853408491610066
92500,0.74,13.143685244475163,-0.5873654674345834,0.01782491311343209
92600,0.24,17.590986669228034,-0.5857683940180377,0.01775641469260774
92700,0.82,23.347903753400292,-0.5867460732630089,0.017731837306985986
92800,0.08,37.68327070172424,-0.5859626087658559,0.017684956123703605
92900,0.6,39.578264796301234,-0.5865852084986308,0.017665006373975552
93000,0.14,44.709751687071304,-0.586617407843462,0.017621427648997837
93100,0.68,41.47478894457268,-0.5872522814113951,0.01760278699587096
93200,0.16,41.67785344765755,-0.5856448312824485,0.01755816864499491
93300,0.66,35.581783096829476,-0.5850079173914209,0.017534069053927223
93400,0.14,51.159332512187994,-0.5832222448513134,0.017492300127409172
93500,0.74,48.04964860343158,-0.5837252314763928,0.017467114494842693
93600,0.12,57.449593108607544,-0.5796287207400881,0.01741494927807568
93700,0.64,54.82844985437749,-0.5799573689349373,0.01739168191815719
93800,0.1,76.02380741632834,-0.580300783323039,0.017347452075524048
93900,0.56,59.93694230387595,-0.5812368168686537,0.01732757288538336
94000,0.14,68.09315371388867,-0.5780670425983889,0.017295106342190336
94100,0.66,64.565736493543,-0.5783029555472478,0.017274698060010214
94200,0.24,92.15072883371266,-0.5779392583336951,0.017236948372440702
94300,0.78,83.71841607754895,-0.5775407104006518,0.017216693078447108
94400,0.12,78.90236039988555,-0.5803832020649982,0.01716226607334492
94500,0.62,73.61441033873757,-0.5810839222069412,0.017139071511811634
94600,0.04,61.19063991884126,-0.5827415555488202,0.017084730148218766
94700,0.82,53.673259550668995,-0.5835524079383414,0.017059963298537074
94800,0.04,41.80579064763433,-0.5844224567693922,0.017015560359542464
94900,0.62,42.515902447634346,-0.5855170416699903,0.01699322339301395
95000,0.06,30.132406419580292,-0.5863602066937635,0.016942958005004432
95100,0.66,33.6054719238032,-0.5859392407182101,0.016920418544325185
95200,0.02,41.22575287860968,-0.5854851513814807,0.016870972480648998
95300,0.6,47.16631292903974,-0.5848544873307441,0.016847572656445323
95400,0.1,44.13000292659408,-0.5846975394577726,0.01679631203099295
95500,0.7,52.243386123104266,-0.5844733098329444,0.016774300622132813
95600,0.08,42.114795832466925,-0.5855001673039407,0.016728333360845254
95700,0.58,45.11794772563467,-0.5864292211365212,0.016701690472559875
95800,0.06,30.06258596303412,-0.588764433417806,0.01664349401330706
95900,0.64,23.04855039186992,-0.5907934331766311,0.016621624695231315
96000,0.14,32.077990401006346,-0.5901227286347398,0.016565400119819305
96100,0.7,27.198766525662144,-0.5915802938064367,0.01654377321032266
96200,0.18,36.312775854390786,-0.5924451637879065,0.016491395992101008
96300,0.7,36.032950937274364,-0.5929496857463028,0.016466020433689253
96400,0.04,37.48139960243478,-0.5924721612326987,0.01642461032811531
96500,0.6,40.06860788151837,-0.5910900278409875,0.01640619388994975
96600,0.06,50.77561671308891,-0.5890694135635202,0.01635213695902527
96700,0.7,55.538712808612615,-0.5890114246386015,0.01633311496119992
96800,0.08,44.512733314150786,-0.5905311217944735,0.016274821813235845
96900,0.72,45.507210189712985,-0.5919881965839204,0.01625106653429721
97000,0.1,36.649942136677616,-0.592659806889005,0.016205115912119924
97100,0.7,36.658254349614026,-0.593496087457949,0.016185942027121956
97200,0.08,30.244195812929174,-0.5956806852120198,0.016130956491789975
97300,0.6,34.8939652471515,-0.5955618917882578,0.016108338211740635
97400,0.14,31.86449684221686,-0.597635086484756,0.016060585087403545
97500,0.64,48.91730436759723,-0.5958751541127019,0.01604095419553832
97600,0.08,40.05184387606026,-0.5968296682229832,0.01599699735152442
97700,0.56,43.280296622523444,-0.5958275551893978,0.015976968062347482
97800,0.04,27.391658639630933,-0.5984302071365125,0.015933227188483823
97900,0.6,32.48478671245175,-0.5992185329580638,0.015915034666618897
98000,0.06,42.23767631848679,-0.5994446083864052,0.015863802457423273
98100,0.56,42.192864318486784,-0.6011426873648692,0.015843619892621244
98200,0.1,50.09382692299744,-0.5997080511492224,0.015778928153547506
98300,0.6,56.19302132905883,-0.600041863902716,0.015755874639482748
98400,0.14,56.96856336862632,-0.6003949890643088,0.015708699051676323
98500,0.76,53.589986172426315,-0.6018841957314016,0.01568554579970374
98600,0.08,43.286734164519125,-0.6032636428485983,0.01563724687351565
98700,0.66,33.300005762634726,-0.6058508831370855,0.015618107659070235
98800,0.1,16.774819216993084,-0.6083678129291812,0.01558349027951569
98900,0.6,15.155413387050883,-0.6105852917651463,0.015566531430188053
99000,0.02,16.364112401148525,-0.6108087007652727,0.015523990294772614
99100,0.68,23.316580311290725,-0.6105760175614027,0.015503319128081852
99200,0.04,28.828181903232927,-0.6135966076414939,0.015463218257720545
99300,0.58,29.31014466348526,-0.61396307437131,0.015445514509792757
99400,0.1,34.32814235724619,-0.6127698407616268,0.01540468275400241
99500,0.7,49.66175074956864,-0.6093172562722685,0.015383930461591547
99600,0.08,47.64849900272852,-0.6108397328309648,0.015347872852386715
99700,0.68,44.64780858726872,-0.6110238375807183,0.015326681339452544
99800,0.08,42.52125999364189,-0.6104641413613713,0.015287976777558731
99900,0.72,41.51865017771403,-0.6101690365878485,0.015269804830458178
100000,0.16,63.218056714337436,-0.6069614515510137,0.01522493109541681
100100,0.72,69.49110901791121,-0.6053253588848162,0.015208183753577464
100200,0.22,86.00819564394938,-0.6041914190332411,0.015161502544338802
100300,0.66,90.7090219369497,-0.6031133205762709,0.015141530575166446
100400,0.2,83.79490774266958,-0.6016330871100346,0.01508920575610119
100500,0.58,69.33286384019789,-0.6032858361401969,0.015071382358173856
100600,0.1,67.15628165169026,-0.6025633384826337,0.015023149891400992
100700,0.7,61.05849151924216,-0.6032694235294019,0.015002977590824031
100800,0.1,68.71126111242316,-0.6048250129293006,0.014966842994729364
100900,0.7,61.7537723171686,-0.605356290515484,0.014950601563194988
101000,0.18,74.80836207418328,-0.6052786136427541,0.014911910966058792
101100,0.54,68.18433231166536,-0.6062362700407015,0.014896112714583095
101200,0.04,64.56637660685905,-0.6067407246704133,0.01485253320951172
101300,0.6,58.36792775981661,-0.6066151435052027,0.014839224621908531
101400,0.24,60.08639008758195,-0.6087544514282558,0.014795451272859788
101500,0.66,59.3145989546075,-0.6102105013990017,0.014779694375724618
101600,0.12,53.43165747699831,-0.6090724296031326,0.014732391705648648
101700,0.74,48.06855619800593,-0.6102802173406482,0.014713369010241856
101800,0.14,52.50306217568378,-0.6119095016852002,0.014673171185951125
101900,0.64,56.15390815002169,-0.6108271736570176,0.014652929580746012
102000,0.04,40.810482912079955,-0.6127948211835327,0.014608716728769093
102100,0.78,47.13973056730241,-0.6129782812100201,0.014590211180237797
102200,0.1,39.820102628872306,-0.6153321188676392,0.014553225991618159
102300,0.76,36.07329224888004,-0.6157956910056186,0.014534124330918571
102400,0.14,40.31264195580617,-0.6157775467285929,0.014492272648365431
102500,0.62,36.29916674316605,-0.615362108650043,0.01447301580281534
102600,0.06,33.20386940603241,-0.6163586316412725,0.014426257540633059
102700,0.64,36.56768365708874,-0.617235690445923,0.014406489091315387
102800,0.1,30.946909960516717,-0.6193882780114741,0.014361249700619402
102900,0.72,32.165765797741,-0.6199057291881058,0.014344422437109221
103000,0.12,30.717978243334525,-0.6202078137130967,0.014295056614695614
103100,0.86,30.792865274054726,-0.6203218823503969,0.014278341178465787
103200,0.16,33.88500832676007,-0.622399375573796,0.014236789671016756
103300,0.8,29.97403978458781,-0.6237551106578667,0.01421730857519805
103400,0.2,35.542753283869416,-0.6243926931778137,0.014178400797569168
103500,0.62,31.873712207318434,-0.6259502599941278,0.014160073599800824
103600,0.02,39.57850378276604,-0.6265878698483873,0.014116664598146103
103700,0.62,41.98731670776104,-0.6266998454624871,0.014094341938036926
103800,0.06,36.862899918294644,-0.6257734491715706,0.014049727994607764
103900,0.68,41.066381815481115,-0.6257416063820421,0.014032684078317106
104000,0.1,37.24202014836574,-0.6257897331756904,0.013982748022974983
104100,0.7,33.80114805897808,-0.6265093354005709,0.013964896467028092
104200,0.06,31.56835329806443,-0.627588498195794,0.013926807578685588
104300,0.62,27.470972275185815,-0.6295500651182956,0.013912147585875948
104400,0.04,29.636873342001767,-0.6305726989436757,0.013873291063532814
104500,0.6,40.79830289004999,-0.6281838940902534,0.013859038033883485
104600,0.18,55.372534248513595,-0.6254270021368898,0.013812261820185868
104700,0.62,63.46533554888587,-0.6247878378050898,0.013794603091002049
104800,0.08,52.221935626597435,-0.6236978282519855,0.013760114246175013
104900,0.64,55.48839806553513,-0.6240133208913189,0.013743104882038582
105000,0.08,50.13047038479373,-0.6217984547776165,0.013706176698630083
105100,0.64,52.409090853331655,-0.6223437889730137,0.013689021142665604
105200,0.06,54.40166653374121,-0.6224971551187144,0.013649822051682137
105300,0.72,49.220626600564444,-0.623218304958258,0.013633323934892876
105400,0.04,46.496961868489336,-0.6230534773085675,0.013594769659845579
105500,0.64,54.69068145283153,-0.6222713686515214,0.01357872914495385
105600,0.14,51.779781472771404,-0.623849405122054,0.013539423443158111
105700,0.62,61.346743389768044,-0.6214164495530518,0.013522054711881549
105800,0.06,63.35377816833608,-0.6179140559968487,0.013489427557481568
105900,0.64,66.87982104177607,-0.6171878027516802,0.013471387404401063
106000,0.08,46.260165152522866,-0.6196827846187442,0.01343951885052329
106100,0.68,44.52704601821118,-0.6197785605809175,0.013424279690450758
106200,0.02,35.43405789468566,-0.621840896925866,0.01337695478861357
106300,0.52,30.80849293675779,-0.6229493494904723,0.013356767489898556
106400,0.12,32.582309153953055,-0.6240113823963477,0.013315541467334158
106500,0.52,30.90619112949371,-0.6241403200612283,0.013297629474877958
106600,0.2,30.657173940234014,-0.6254524792226299,0.013257295229729965
106700,0.54,40.66494746755425,-0.6256451412389935,0.013242211711622017
106800,0.12,33.619493166723146,-0.6295529044847594,0.013204457133027736
106900,0.54,38.549403492695404,-0.6297821960393495,0.013187562943051864
107000,0.1,35.78720404638214,-0.6277005943168276,0.013150414566357653
107100,0.76,41.80929121322792,-0.6273399954216681,0.013132730611419438
107200,0.08,46.80045123386747,-0.6282479675460445,0.01309560508179877
107300,0.62,58.7745256523337,-0.6266231819414184,0.013079491693846923
107400,0.14,48.030409696444224,-0.6280716753231439,0.013033165928191901
107500,0.6,54.46585852404006,-0.6272402345510709,0.01301634185549857
107600,0.22,54.38514672947553,-0.6267857733179713,0.012980735629601323
107700,0.58,53.92307653345217,-0.6285623661816001,0.012965088353299504
107800,0.1,62.461363191048754,-0.6268610400730853,0.012918127837410663
107900,0.56,55.28199415726756,-0.6288188854683276,0.012901311638427596
108000,0.1,71.34212319701578,-0.6268009672259939,0.01286255186632444
108100,0.7,59.08286604730479,-0.6275972057632752,0.012844439365511068
108200,0.16,71.0439731053719,-0.6275587447749741,0.012809234209122604
108300,0.64,63.926026383975355,-0.6284133738817147,0.01279417044734568
108400,0.0,64.54123418710356,-0.6265244815799358,0.012756661851515317
108500,0.6,56.73497951029119,-0.6281072618517994,0.012741064256558386
108600,0.06,70.34341001903243,-0.6258696785802208,0.0126999033499291
108700,0.56,66.97673434405603,-0.6257033743870456,0.012685349351146506
108800,0.08,65.15480918415327,-0.6273342067569574,0.012649494869254624
108900,0.6,55.366113125677515,-0.6278233223023291,0.012635788350345237
109000,0.06,37.75887220886385,-0.6302454718597256,0.012590267350427387
109100,0.56,36.703258749747434,-0.6302231983645306,0.01257509829859736
109200,0.06,30.459563699781672,-0.6312126259568525,0.012541487302948757
109300,0.58,35.690013853607574,-0.6317426877210456,0.012526992082700616
109400,0.06,40.199258688488044,-0.6327535452574783,0.012487609750470828
109500,0.72,43.804761249258306,-0.6330780063216723,0.012472110389852414
109600,0.06,56.635432015357246,-0.6332342622667897,0.012435166697260242
109700,0.52,57.25891024148738,-0.634658788930118,0.012418506039810298
109800,0.14,57.91968737661652,-0.6339464298236716,0.012374407549608002
109900,0.66,54.56960819883156,-0.6350827328257441,0.012354295699175653
110000,0.06,55.036183222530916,-0.6372172208339922,0.01231569767479969
110100,0.64,57.298147171107196,-0.6375527834157126,0.012301403141024375
110200,0.04,47.021079844485094,-0.6380885088692381,0.012254987932524693
110300,0.58,54.086088132426795,-0.6367627217240935,0.012239944983353969
110400,0.12,50.751266998499595,-0.6382417855754479,0.012195280494184727
110500,0.62,67.24744760323246,-0.6348826135675083,0.012179898539104094
110600,0.06,54.428404777387044,-0.6370821278943684,0.012144730621982406
110700,0.64,65.54856250275101,-0.6368674430372103,0.012130337328636298
110800,0.16,58.30309025858641,-0.6341814535588071,0.012099997935173464
110900,0.76,64.67845022642024,-0.6366377443179004,0.012085719897944103
111000,0.12,62.46442668879797,-0.6364069257591353,0.01205671940949375
111100,0.66,66.9803443566596,-0.6344551449374456,0.012045093900447883
111200,0.08,66.56798026910421,-0.6331385159747127,0.01201335541025612
111300,0.78,62.18627423916202,-0.6350267069833919,0.011998075737716671
111400,0.12,54.477450280332235,-0.6355397903519789,0.011962089990945944
111500,0.72,51.08567526850017,-0.6348632140111607,0.01194260886043138
111600,0.06,53.76518305438771,-0.6348357910340366,0.011908514893930225
111700,0.62,58.23874338589558,-0.6346816731844975,0.011896282204585024
111800,0.06,46.902979789563545,-0.6385159266639893,0.011863910149714066
111900,0.58,47.52815535096505,-0.6387661559449633,0.011849922546762372
112000,0.12,25.804781040188587,-0.6418692268069734,0.011818402273011596
112100,0.68,28.957388158072987,-0.6427144264176632,0.011807494787482076
112200,0.04,23.00780430649517,-0.6426889079364418,0.011775389068413602
112300,0.66,30.77162955455957,-0.6413054557605429,0.011762102743794134
112400,0.1,46.4821942334893,-0.6416401141723975,0.011714866557169029
112500,0.58,48.5769019701441,-0.6435356078781734,0.0116998419257809
112600,0.04,38.28726823705022,-0.6452003376214827,0.011665164775658921
112700,0.66,29.567574460309523,-0.6445825523613126,0.011651005449763616
112800,0.12,29.932700252111264,-0.6452147516107185,0.011617253118401174
112900,0.66,28.038513421950555,-0.6469354458593444,0.011601649437360908
113000,0.14,47.75883219531589,-0.6471954292184566,0.011571143052211326
113100,0.6,50.916696692559476,-0.64531492118071,0.011558895119579693
113200,0.14,61.37497974516198,-0.645606314499248,0.011528574362565047
113300,0.62,63.384700135732395,-0.6446947110246444,0.01151459177071383
113400,0.16,56.025235451920835,-0.6453424249529214,0.011478019178830377
113500,0.56,51.43387060047458,-0.6461256048638949,0.011458779795870335
113600,0.14,46.590033415363536,-0.6453029984066442,0.011420740910806786
113700,0.64,51.404028273693015,-0.6440280252720111,0.011407091009987333
113800,0.14,52.393959022074924,-0.6442741997654966,0.011364896272661663
113900,0.74,55.449741555570846,-0.64604794231232,0.011349422145237417
114000,0.16,44.070945247005916,-0.648259828685968,0.01131468546042411
114100,0.7,43.46250580725826,-0.6478614887931962,0.011300002875709272
114200,0.1,40.72586541155091,-0.6496652427759444,0.011260184748884194
114300,0.72,46.99582643868305,-0.649525511852743,0.011247246353209332
114400,0.16,40.971187345862226,-0.6511655210810193,0.011209512856673985
114500,0.58,47.852338117547916,-0.6522250413345058,0.011196896928654743
114600,0.08,40.91717126260116,-0.6506886931128099,0.011159334023795067
114700,0.58,60.85740803416154,-0.6492882169755078,0.011145338958211036
114800,0.08,63.173302015531156,-0.6488830213786078,0.011107177042331672
114900,0.7,70.00014881487591,-0.6482068985422758,0.011093717196482306
115000,0.22,73.73589402669886,-0.6475299332455708,0.011050616073139714
115100,0.72,70.6591467137016,-0.6492103359906483,0.011039680272547371
115200,0.28,68.23995628552439,-0.6490867997820133,0.011008146389159814
115300,0.68,68.99735624551896,-0.6492149291062647,0.010993276179565047
115400,0.1,53.58372173883678,-0.651349442279239,0.010955093187629177
115500,0.68,61.386573643526965,-0.6512329762396435,0.010939883296897282
115600,0.22,58.195920945486684,-0.651239478803775,0.010896351182302217
115700,0.7,63.78098088814681,-0.6515561745988603,0.010882768091502796
115800,0.1,57.79878448950896,-0.6545269241064757,0.010846111505459477
115900,0.56,57.57350149734518,-0.6557285901730864,0.0108321355411673
116000,0.08,45.193946715362394,-0.656437892626988,0.01079349544449475
116100,0.76,43.89374914345026,-0.6576327151339342,0.010778911959627841
116200,0.2,42.74655139257465,-0.6584864738187209,0.010750363617982242
116300,0.72,47.296303571043794,-0.6583080029787377,0.010734036014097543
116400,0.14,57.64305349804095,-0.6582753402493725,0.01070365989043769
116500,0.68,57.901573111284534,-0.6595466311709715,0.010687553913415842
116600,0.2,57.02616541652796,-0.6586977800497154,0.010656603305538144
116700,0.54,46.26788509354645,-0.6608423104096961,0.010642289918607722
116800,0.1,45.14098354018255,-0.6607673591263528,0.010610405585283504
116900,0.62,45.56960810206348,-0.6599686846393503,0.010597196431737432
117000,0.1,54.03987938896143,-0.6598391124985099,0.01056306231807591
117100,0.62,54.53906932069713,-0.6597890400546116,0.010550056110608354
117200,0.26,48.3145904561592,-0.6628463459326256,0.010522288570574712
117300,0.54,46.4406455382748,-0.6620217327392252,0.010506210708460027
117400,0.12,37.29543069643917,-0.6633121451121536,0.0104673095909604
117500,0.6,32.95606352829697,-0.6644077812341762,0.010453015780508931
117600,0.16,41.730701538383656,-0.6648947901834481,0.010420577198623633
117700,0.56,39.84240676043599,-0.6655177955212556,0.010408799749116784
117800,0.08,41.690458127491524,-0.6669664675583447,0.01037729221424281
117900,0.6,42.11505812749153,-0.6679392357344122,0.010362841528026596
118000,0.12,27.48104948116828,-0.6706139567000575,0.010330678132832685
118100,0.64,27.840936337921722,-0.6722537513708539,0.01031765110331272
118200,0.06,29.93228927605266,-0.674122592557008,0.010287725420127932
118300,0.64,25.236785028336243,-0.6747274708710757,0.010272649013881264
118400,0.1,26.8441176726241,-0.6766356733295674,0.010244753057565498
118500,0.72,29.324747253394367,-0.6770021581379467,0.010232967618373246
118600,0.14,41.879594236574,-0.6747775004533058,0.010200936477424163
118700,0.7,45.57206948352198,-0.6752427609508078,0.010190058901692695
118800,0.2,50.858030558087414,-0.6744726787384044,0.010161222680596762
118900,0.62,45.993379883857344,-0.676289830592913,0.0101497393713564
119000,0.08,40.69806896113137,-0.6753236716035294,0.010114295583055898
119100,0.72,39.93313319454359,-0.6749529579429786,0.010099678355325565
119200,0.16,49.083381047625195,-0.6750348265719814,0.010061042899438807
119300,0.62,44.72617444417212,-0.6772296825041892,0.010046233892380395
119400,0.1,40.5059380583468,-0.6794617330985333,0.010013675683898838
119500,0.68,42.314548387410376,-0.6793058983993134,0.009999085382655003
119600,0.16,36.389226248401116,-0.6788053845323142,0.009967623365746713
119700,0.7,37.36725128643118,-0.6786946262405057,0.009953416678084423
119800,0.18,52.96826642731285,-0.6758963420645024,0.009924092403335253
119900,0.64,49.16583218178197,-0.677625154583503,0.00990981248976193
